Url,
Main Pages (8),
https://barrisolceiling.com/,
https://barrisolceiling.com/about,
https://barrisolceiling.com/service,
https://barrisolceiling.com/gallery,
https://barrisolceiling.com/blog,
https://barrisolceiling.com/contact,
https://barrisolceiling.com/privacypolicy,
https://barrisolceiling.com/termscondition,
Service Detail Pages (35),
https://barrisolceiling.com/service-detail/stretch-ceiling-lights,Index
https://barrisolceiling.com/service-detail/3d-stretch-ceiling,Index
https://barrisolceiling.com/service-detail/printed-stretch-ceiling,Index
https://barrisolceiling.com/service-detail/translucent-stretch-ceiling,Index
https://barrisolceiling.com/service-detail/transparent-ceiling-light-solutions-by-berrisol-ceiling,Index
https://barrisolceiling.com/service-detail/acoustics-ceiling-solution-and-acoustics-stretch-manufacturers,Index
https://barrisolceiling.com/service-detail/hospital-stretch-ceiling-supplier-manufacturers,Index
https://barrisolceiling.com/service-detail/ceiling-marble-modern-durable-stylish,Index
https://barrisolceiling.com/service-detail/upgrade-your-interiors-with-stretch-ceilings-in-bharatpur,Index
https://barrisolceiling.com/service-detail/add-a-modern-touch-with-stretch-ceilings-in-alwar,Index
https://barrisolceiling.com/service-detail/transform-your-space-with-stretch-ceilings-in-shamli,No Index
https://barrisolceiling.com/service-detail/upgrade-your-space-with-elegant-stretch-ceilings-in-muzaffarnagar,Index
https://barrisolceiling.com/service-detail/give-your-space-a-modern-makeover-with-stretch-ceilings-in-baghpat,Index
https://barrisolceiling.com/service-detail/transform-your-interiors-with-stretch-ceilings-in-bulandshahr,Index
https://barrisolceiling.com/service-detail/redefine-your-interiors-with-stretch-ceilings-in-hapur,Index
https://barrisolceiling.com/service-detail/give-your-space-a-fresh-look-with-stretch-ceilings-in-meerut,No Index
https://barrisolceiling.com/service-detail/transform-your-interiors-with-stretch-ceilings-in-ghaziabad,No Index
https://barrisolceiling.com/service-detail/upgrade-your-interiors-with-stretch-ceilings-in-greater-noida,Index
https://barrisolceiling.com/service-detail/enhance-your-space-with-stylish-stretch-ceilings-in-noida,Index
https://barrisolceiling.com/service-detail/transform-your-interiors-with-stretch-ceilings-in-bhiwani,No Index
https://barrisolceiling.com/service-detail/enhance-your-space-with-stretch-ceilings-in-mahendragarh,No Index
https://barrisolceiling.com/service-detail/transform-your-interiors-with-stretch-ceilings-in-rewari,Index
https://barrisolceiling.com/service-detail/redefine-your-space-with-stretch-ceilings-in-panipat,Index
https://barrisolceiling.com/service-detail/modern-interior-solutions-with-stretch-ceilings-in-sonipat,No Index
https://barrisolceiling.com/service-detail/give-your-space-a-modern-touch-with-stretch-ceilings-in-jhajjar,Index
https://barrisolceiling.com/service-detail/modern-design-solutions-with-stretch-ceilings-in-rohtak,No Index
https://barrisolceiling.com/service-detail/modern-interior-design-with-stretch-ceilings-in-palwal,Index
https://barrisolceiling.com/service-detail/transform-your-space-with-stretch-ceilings-in-gurugram,No Index
https://barrisolceiling.com/service-detail/enhance-your-interiors-with-stretch-ceilings-in-central-delhi,No Index
https://barrisolceiling.com/service-detail/elegant-and-durable-stretch-ceilings-in-west-delhi,Index
https://barrisolceiling.com/service-detail/stretch-ceilings-in-east-delhi-modern-ceiling-design-experts,Index
https://barrisolceiling.com/service-detail/premium-stretch-ceilings-installation-services-in-south-delhi,No Index
https://barrisolceiling.com/service-detail/stretch-ceilings-in-north-delhi-modern-ceiling-design-experts,Index
https://barrisolceiling.com/service-detail/premium-stretch-ceilings-in-new-delhi-modern-ceiling-solutions,No Index
https://barrisolceiling.com/service-detail/stretch-ceiling-in-vadodara-modern-luxury-with-european-quality,Index
https://barrisolceiling.com/service-detail/premium-stretch-ceiling-in-lucknow-barrisol,Index
https://barrisolceiling.com/service-detail/premium-stretch-ceiling-in-bangalore-barrisol,Index
https://barrisolceiling.com/service-detail/stretch-ceilings-in-nagpur-stylish-durable-affordable-ceiling-solutions,Index
https://barrisolceiling.com/service-detail/stretch-ceiling-in-kanpur,Index
https://barrisolceiling.com/service-detail/stretch-ceiling-in-delhi-berrisol-illusion-decors,Index
https://barrisolceiling.com/service-detail/stretch-ceiling-in-dubai-uae-berrisol-illusion-decors,Index
https://barrisolceiling.com/service-detail/stretch-ceiling-manufacturers-suppliers-from-noida-india,Index
https://barrisolceiling.com/service-detail/custom-lighting-solutions-for-berrisol-ceilings,Index
https://barrisolceiling.com/service-detail/berrisol-stretch-ceiling-installation,Index
https://barrisolceiling.com/service-detail/premium-stretch-ceiling-solutions-for-every-space,Index
Blog Detail Pages (26),
https://barrisolceiling.com/blog-details/why-stretch-ceilings-first-choice-modern-indian-interiors,Index
https://barrisolceiling.com/blog-details/complete-guide-pvc-stretch-ceiling-systems,Index
https://barrisolceiling.com/blog-details/reasons-homeowners-prefer-stretch-ceilings-over-false-ceilings,Index
https://barrisolceiling.com/blog-details/stretch-ceiling-for-commercial-spaces-in-india-berrisol-ceiling,Index
https://barrisolceiling.com/blog-details/pvc-stretch-ceiling-manufacturer-in-delhi-commercial-office-ceilings,Index
https://barrisolceiling.com/blog-details/best-stretch-ceiling-company-in-india-premium-ceiling-solutions,Index
https://barrisolceiling.com/blog-details/stretch-ceiling-manufacturer-in-india-modern-interior-trends,Index
https://barrisolceiling.com/blog-details/stretch-ceiling-installation-services-in-delhi-for-modern-homes-berrisol-ceiling,Index
https://barrisolceiling.com/blog-details/top-false-ceiling-contractors-in-delhi-berrisol-ceiling,Index
https://barrisolceiling.com/blog-details/3d-stretch-ceiling-in-delhi-modern-ceiling-designs-by-berrisol-ceiling,Index
https://barrisolceiling.com/blog-details/stretch-ceiling-in-delhi-modern-interior-solutions-by-berrisol-ceiling,Index
https://barrisolceiling.com/blog-details/berrisol-stretch-ceilings-transform-your-space-with-modern-elegance,Index
https://barrisolceiling.com/blog-details/stretch-ceilings-cost-in-india-a-complete-guide,Index
https://barrisolceiling.com/blog-details/stretch-ceiling-maintenance-cleaning-ceiling-care-tips,Index
https://barrisolceiling.com/blog-details/eco-friendly-stretch-ceiling-sustainable-and-energy-efficient-ceiling-for-green-homes,Index
https://barrisolceiling.com/blog-details/pvc-vs-fabric-stretch-ceiling-best-ceiling-comparison-for-modern-interiors,Index
https://barrisolceiling.com/blog-details/pros-and-cons-of-stretch-ceilings-understanding-the-advantages-and-disadvantage,Index
https://barrisolceiling.com/blog-details/stretch-ceilings-advantages-and-disadvantages-you-should-know,Index
https://barrisolceiling.com/blog-details/colorful-and-playful-stretch-ceilings-for-children-creative-ideas-to-brighten-kids-rooms,Index
https://barrisolceiling.com/blog-details/9-simple-stretch-ceiling-diy-ceiling-ideas-for-any-room,N
https://barrisolceiling.com/blog-details/transform-your-space-with-berrisol-ceiling-printing-design,Index
https://barrisolceiling.com/blog-details/elevate-your-interiors-with-3d-stretch-ceilings-by-berrisol,Index
https://barrisolceiling.com/blog-details/transform-your-space-with-a-fabric-false-ceiling,Index
https://barrisolceiling.com/blog-details/residential-stretch-ceiling-modern-designs-easy-installation,Index
https://barrisolceiling.com/blog-details/pvc-stretch-ceiling-modern-designs-easy-installation,Index
https://barrisolceiling.com/blog-details/stretch-ceiling-design-modern-stylish-ideas-for-your-home,Index
https://barrisolceiling.com/blog-details/stretch-fabric-ceiling-modern-designs-lighting-ideas-benefits-for-your-home,Index
https://barrisolceiling.com/blog-details/inspiration-innovation-interior-ideas,N
https://barrisolceiling.com/blog-details/the-art-of-barrisol-stretch-ceilings,Index
https://barrisolceiling.com/blog-details/a-creative-revolution,N